<?xml version="1.0" encoding="UTF-8"?>
<project-private xmlns="http://www.netbeans.org/ns/project-private/1">
    <editor-bookmarks xmlns="http://www.netbeans.org/ns/editor-bookmarks/2" lastBookmarkId="0"/>
    <open-files xmlns="http://www.netbeans.org/ns/projectui-open-files/2">
        <group>
            <file>file:/C:/Users/marip/Documents/GitHub/VirtualLibraryTEC/Proyecto/Proyecto/src/Interfaz/Usuarios.java</file>
            <file>file:/C:/Users/marip/Documents/GitHub/VirtualLibraryTEC/Proyecto/Proyecto/src/Interfaz/CrearLibreria.java</file>
            <file>file:/C:/Users/marip/Documents/GitHub/VirtualLibraryTEC/Proyecto/Proyecto/src/Interfaz/Librerias.java</file>
            <file>file:/C:/Users/marip/Documents/GitHub/VirtualLibraryTEC/Proyecto/Proyecto/src/Libreria/GestionLibrerias.java</file>
            <file>file:/C:/Users/marip/Documents/GitHub/VirtualLibraryTEC/Proyecto/Proyecto/src/PedidosLibros/Pedidos.java</file>
            <file>file:/C:/Users/marip/Documents/GitHub/VirtualLibraryTEC/Proyecto/Proyecto/src/Libros/GestionLibro.java</file>
            <file>file:/C:/Users/marip/Documents/GitHub/VirtualLibraryTEC/Proyecto/Proyecto/src/PedidosLibros/GestionPedidos.java</file>
            <file>file:/C:/Users/marip/Documents/GitHub/VirtualLibraryTEC/Proyecto/Proyecto/src/Interfaz/Buscar.java</file>
            <file>file:/C:/Users/marip/Documents/GitHub/VirtualLibraryTEC/Proyecto/Proyecto/src/Interfaz/LibroFiltrado.java</file>
            <file>file:/C:/Users/marip/Documents/GitHub/VirtualLibraryTEC/Proyecto/Proyecto/src/Interfaz/CrearUsuario.java</file>
            <file>file:/C:/Users/marip/Documents/GitHub/VirtualLibraryTEC/Proyecto/Proyecto/src/PedidosLibros/GestionUsuario.java</file>
        </group>
    </open-files>
</project-private>
